ID,JATRABALHOU,Label,TEMOSCAR
"0,""1, 2, 3"",Tim Robbins,0"
"1,""0, 2, 3, 63, 64, 65, 306, 307, 308, 522, 431"",Morgan Freeman,0"
"2,""0, 1, 3"",Bob Gunton,0"
"3,""0, 1, 2"",William Sadler,0"
"4,""5, 6, 7, 145, 8, 146, 329, 17, 330, 381, 668"",Marlon Brando,1"
"5,""4, 6, 7, 8, 9, 10, 282, 283, 284, 318, 319"",Al Pacino,1"
"6,""4, 5, 7"",James Caan,0"
"7,""4, 5, 6"",Richard S. Castellano,0"
"8,""5, 9, 10, 4, 145, 146, 326, 153, 450"",Robert Duvall,1"
"9,""5, 8, 10, 556, 557, 558"",Diane Keaton,0"
"10,""5, 8, 9, 55, 56, 57, 186, 187, 312, 313, 318, 319, 360, 393, 394, 395"",Robert De Niro,1"
"11,""12, 13, 14, 143, 144, 79, 48, 46, 19, 298"",Christian Bale,0"
"12,""11, 13, 14"",Heath Ledger,0"
"13,""11, 12, 14"",Aaron Eckhart,0"
"14,""11, 12, 13, 143, 144, 19, 298, 386, 582, 583"",Michael Caine,0"
"15,""16, 17, 18"",Martin Balsam,0"
"16,""15, 17, 18"",John Fiedler,0"
"17,""15, 16, 18, 4, 329, 330, 89, 452, 693"",Lee J. Cobb,0"
"18,""15, 16, 17"",E.G. Marshall,0"
"19,""20, 21, 22, 11, 14, 298"",Liam Neeson,0"
"20,""19, 21, 22, 45, 451, 452, 547, 548, 365"",Ben Kingsley,1"
"21,""19, 20, 22, 226, 511, 114, 537, 538, 539"",Ralph Fiennes,0"
"22,""19, 20, 21"",Caroline Goodall,0"
"23,""24, 25, 26, 35, 36"",Noel Appleby,0"
"24,""23, 25, 26"",Ali Astin,0"
"25,""23, 24, 26, 35, 36, 49, 50"",Sean Astin,0"
"26,""23, 24, 25"",David Aston,0"
"27,""28, 29, 30, 205, 206, 207, 490, 491, 492"",Tim Roth,0"
"28,""27, 29, 30"",Amanda Plummer,0"
"29,""27, 28, 30"",Laura Lovelace,0"
"30,""27, 28, 29"",John Travolta,0"
"31,""32, 33, 34, 93, 94, 95"",Edward Norton,0"
"32,""31, 33, 34, 267, 170, 268, 76, 269, 270"",Brad Pitt,0"
"33,""31, 32, 34"",Meat Loaf,0"
"34,""31, 32, 33"",Zach Grenier,0"
"35,""23, 25, 36"",Alan Howard,0"
"36,""35, 23, 25, 49, 50"",Sala Baker,0"
"37,""38, 39, 40, 82, 83, 84, 104, 105, 106, 250, 251, 252, 265, 266, 45, 395, 145"",Tom Hanks,1"
"38,""37, 39, 40"",Rebecca Williams,0"
"39,""37, 38, 40"",Sally Field,0"
"40,""37, 38, 39"",Michael Conner Humphreys,0"
"41,""42, 43, 44, 62, 540"",Mark Hamill,0"
"42,""41, 43, 44, 62, 111, 112, 113, 292, 293, 294, 353, 354, 355, 540"",Harrison Ford,0"
"43,""41, 42, 44, 62, 540"",Carrie Fisher,0"
"44,""41, 42, 43"",Billy Dee Williams,0"
"45,""46, 47, 48, 121, 122, 123, 169, 170, 171, 371, 372, 90, 451, 20, 452, 37, 395, 145, 725, 213, 726, 734, 735"",Leonardo DiCaprio,1"
"46,""45, 47, 48, 11, 79"",Joseph Gordon-Levitt,0"
"47,""45, 46, 48"",Ellen Page,0"
"48,""45, 46, 47, 11, 79, 366, 367, 368, 512, 513, 514, 734, 735"",Tom Hardy,0"
"49,""25, 50, 36"",Bruce Allpress,0"
"50,""49, 25, 36"",John Bach,0"
"51,""52, 53, 54"",Michael Berryman,0"
"52,""51, 53, 54"",Peter Brocco,0"
"53,""51, 52, 54"",Dean R. Brooks,0"
"54,""51, 52, 53"",Alonzo Brown,0"
"55,""10, 56, 57"",Ray Liotta,0"
"56,""10, 55, 57, 186, 187, 312, 313, 360"",Joe Pesci,0"
"57,""10, 55, 56"",Lorraine Bracco,0"
"58,""59, 60, 61"",Keanu Reeves,0"
"59,""58, 60, 61"",Laurence Fishburne,0"
"60,""58, 59, 61, 147, 148, 149"",Carrie-Anne Moss,0"
"61,""58, 59, 60, 80, 369, 370"",Hugo Weaving,0"
"62,""41, 42, 43"",Peter Cushing,0"
"63,""1, 64, 65"",Andrew Kevin Walker,0"
"64,""1, 63, 65, 183, 184, 185, 135, 147, 285"",Kevin Spacey,1"
"65,""1, 63, 64"",Daniel Zacapa,0"
"66,""67, 68, 69, 118, 119, 120, 198, 199, 200, 331, 103, 332, 565, 108, 566, 590, 591, 592, 194, 697, 698"",James Stewart,1"
"67,""66, 68, 69"",Donna Reed,0"
"68,""66, 67, 69"",Lionel Barrymore,1"
"69,""66, 67, 68, 380, 381, 382, 662, 663, 664"",Thomas Mitchell,0"
"70,""71, 72, 73"",Jodie Foster,0"
"71,""70, 72, 73"",Lawrence A. Bonney,0"
"72,""70, 71, 73"",Kasi Lemmons,0"
"73,""70, 71, 72"",Lawrence T. Wrentz,0"
"74,""75, 76, 77"",Stephen Baldwin,0"
"75,""74, 76, 77"",Gabriel Byrne,0"
"76,""74, 75, 77, 269, 270, 32"",Benicio Del Toro,0"
"77,""74, 75, 76"",Kevin Pollak,0"
"78,""79, 80, 81"",Jean Reno,0"
"79,""78, 80, 81, 11, 48, 46"",Gary Oldman,1"
"80,""78, 79, 81, 61, 369, 370"",Natalie Portman,0"
"81,""78, 79, 80"",Danny Aiello,0"
"82,""37, 83, 84"",Tom Sizemore,0"
"83,""37, 82, 84"",Edward Burns,0"
"84,""37, 82, 83"",Barry Pepper,0"
"85,""86, 87, 88"",Virginia Cherrill,0"
"86,""85, 87, 88"",Florence Lee,0"
"87,""85, 86, 88"",Harry Myers,0"
"88,""85, 86, 87"",Al Ernest Garcia,0"
"89,""90, 91, 92, 212, 213, 214, 452, 17, 693"",Ellen Burstyn,0"
"90,""89, 91, 92, 45, 371, 372"",Matthew McConaughey,1"
"91,""89, 90, 92"",Mackenzie Foy,0"
"92,""89, 90, 91"",John Lithgow,0"
"93,""31, 94, 95, 128, 129, 130"",Edward Furlong,0"
"94,""31, 93, 95"",Beverly D'Angelo,0"
"95,""31, 93, 94"",Jennifer Lien,0"
"96,""97, 98, 99, 150, 151, 152, 219, 220, 221, 324, 325"",Charles Chaplin,0"
"97,""96, 98, 99"",Paulette Goddard,0"
"98,""96, 97, 99, 324, 325"",Henry Bergman,0"
"99,""96, 97, 98"",Tiny Sandford,0"
"100,""101, 102, 103, 289, 290, 291, 485, 486, 487, 657, 702, 703"",Humphrey Bogart,1"
"101,""100, 102, 103, 194, 685"",Ingrid Bergman,0"
"102,""100, 101, 103"",Paul Henreid,0"
"103,""100, 101, 102, 331, 66, 332, 194, 685"",Claude Rains,0"
"104,""37, 105, 106"",David Morse,0"
"105,""37, 104, 106"",Michael Clarke Duncan,0"
"106,""37, 104, 105"",Bonnie Hunt,0"
"107,""108, 109, 110"",Anthony Perkins,0"
"108,""107, 109, 110, 565, 66, 566"",Vera Miles,0"
"109,""107, 108, 110"",John Gavin,0"
"110,""107, 108, 109, 471, 304, 526, 739, 740, 617"",Janet Leigh,0"
"111,""42, 112, 113"",Karen Allen,0"
"112,""42, 111, 113"",Paul Freeman,0"
"113,""42, 111, 112"",Ronald Lacey,0"
"114,""115, 116, 117, 21, 226, 511"",Adrien Brody,1"
"115,""114, 116, 117"",Emilia Fox,0"
"116,""114, 115, 117"",Michal Zebrowski,0"
"117,""114, 115, 116"",Ed Stoppard,0"
"118,""66, 119, 120, 373, 374, 375"",Grace Kelly,0"
"119,""66, 118, 120"",Wendell Corey,0"
"120,""66, 118, 119"",Thelma Ritter,0"
"121,""45, 122, 123, 286, 287, 288, 572, 573, 574, 690, 691, 692"",Matt Damon,0"
"122,""45, 121, 123, 172, 173, 174, 326, 327, 328"",Jack Nicholson,1"
"123,""45, 121, 122"",Mark Wahlberg,0"
"124,""125, 126, 127"",Miles Teller,0"
"125,""124, 126, 127"",J.K. Simmons,0"
"126,""124, 125, 127, 158, 188, 189"",Paul Reiser,0"
"127,""124, 125, 126"",Melissa Benoist,0"
"128,""129, 93, 130, 189, 596"",Arnold Schwarzenegger,0"
"129,""128, 93, 130, 189, 596"",Linda Hamilton,0"
"130,""128, 129, 93"",Robert Patrick,0"
"131,""132, 133, 134"",Michael J. Fox,0"
"132,""131, 133, 134"",Christopher Lloyd,0"
"133,""131, 132, 134"",Lea Thompson,0"
"134,""131, 132, 133"",Crispin Glover,0"
"135,""136, 137, 138, 64, 147, 285, 361, 213, 300"",Russell Crowe,1"
"136,""135, 137, 138"",Joaquin Phoenix,0"
"137,""135, 136, 138"",Connie Nielsen,0"
"138,""135, 136, 137"",Oliver Reed,0"
"139,""140, 141, 142"",Rowan Atkinson,0"
"140,""139, 141, 142"",Matthew Broderick,0"
"141,""139, 140, 142"",Niketa Calame,0"
"142,""139, 140, 141"",Jim Cummings,0"
"143,""11, 14, 144, 350, 351, 352, 559, 560, 561"",Hugh Jackman,0"
"144,""143, 11, 14"",Piper Perabo,0"
"145,""4, 8, 146, 45, 37, 395"",Martin Sheen,0"
"146,""4, 145, 8"",Frederic Forrest,0"
"147,""60, 148, 149, 64, 135, 285"",Guy Pearce,0"
"148,""147, 60, 149"",Joe Pantoliano,0"
"149,""147, 60, 148"",Mark Boone Junior,0"
"150,""96, 151, 152"",Jack Oakie,0"
"151,""96, 150, 152"",Reginald Gardiner,0"
"152,""96, 150, 151"",Henry Daniell,0"
"153,""154, 155, 156, 216, 218, 341, 326, 450, 8, 652, 653, 654, 745, 746, 747"",William Holden,1"
"154,""153, 155, 156"",Gloria Swanson,0"
"155,""153, 154, 156"",Erich von Stroheim,0"
"156,""153, 154, 155"",Nancy Olson,0"
"157,""158, 159, 160"",Tom Skerritt,0"
"158,""157, 159, 160, 188, 189, 126"",Sigourney Weaver,0"
"159,""157, 158, 160"",Veronica Cartwright,0"
"160,""157, 158, 159, 541, 542, 543"",Harry Dean Stanton,0"
"161,""162, 163, 164"",Peter Sellers,0"
"162,""161, 163, 164, 246, 675, 676, 329, 754, 755"",George C. Scott,1"
"163,""161, 162, 164, 681, 682, 683"",Sterling Hayden,0"
"164,""161, 162, 163"",Keenan Wynn,0"
"165,""166, 167, 168, 587, 588, 589"",Kirk Douglas,0"
"166,""165, 167, 168"",Ralph Meeker,0"
"167,""165, 166, 168"",Adolphe Menjou,0"
"168,""165, 166, 167"",George Macready,0"
"169,""170, 45, 171"",Jamie Foxx,1"
"170,""169, 45, 171, 32, 267, 268"",Christoph Waltz,0"
"171,""169, 170, 45"",Kerry Washington,0"
"172,""122, 173, 174"",Shelley Duvall,0"
"173,""122, 172, 174"",Danny Lloyd,0"
"174,""122, 172, 173"",Scatman Crothers,0"
"175,""176, 177, 178"",Tyrone Power,0"
"176,""175, 177, 178, 309, 310, 311"",Marlene Dietrich,0"
"177,""175, 176, 178"",Charles Laughton,1"
"178,""175, 176, 177"",Elsa Lanchester,0"
"179,""180, 181, 182"",Ben Burtt,0"
"180,""179, 181, 182"",Elissa Knight,0"
"181,""179, 180, 182"",Jeff Garlin,0"
"182,""179, 180, 181"",Fred Willard,0"
"183,""64, 184, 185"",Annette Bening,0"
"184,""64, 183, 185"",Thora Birch,0"
"185,""64, 183, 184"",Wes Bentley,0"
"186,""10, 187, 56, 360"",James Woods,0"
"187,""10, 186, 56"",Elizabeth McGovern,0"
"188,""158, 189, 126"",Carrie Henn,0"
"189,""158, 188, 126, 128, 129, 596"",Michael Biehn,0"
"190,""191, 192, 193, 303, 304, 305"",Joseph Cotten,0"
"191,""190, 192, 193"",Dorothy Comingore,0"
"192,""190, 191, 193"",Agnes Moorehead,0"
"193,""190, 191, 192"",Ruth Warrick,0"
"194,""195, 196, 197, 669, 670, 577, 101, 103, 685, 697, 66, 698, 762, 763, 764"",Cary Grant,0"
"195,""194, 196, 197"",Eva Marie Saint,0"
"196,""194, 195, 197"",James Mason,0"
"197,""194, 195, 196"",Jessie Royce Landis,0"
"198,""66, 199, 200"",Kim Novak,0"
"199,""66, 198, 200"",Barbara Bel Geddes,0"
"200,""66, 198, 199"",Tom Helmore,0"
"201,""202, 203, 204"",James Robinson,0"
"202,""201, 203, 204"",Sean Lawlor,0"
"203,""201, 202, 204"",Sandy Nelson,0"
"204,""201, 202, 203"",James Cosmo,0"
"205,""27, 206, 207"",Harvey Keitel,0"
"206,""205, 27, 207"",Michael Madsen,0"
"207,""205, 27, 206"",Chris Penn,0"
"208,""209, 210, 211, 271, 272, 273"",Fred MacMurray,0"
"209,""208, 210, 211"",Barbara Stanwyck,0"
"210,""208, 209, 211"",Edward G. Robinson,0"
"211,""208, 209, 210"",Porter Hall,0"
"212,""89, 213, 214"",Jared Leto,0"
"213,""89, 212, 214, 135, 361, 300, 45, 725, 726"",Jennifer Connelly,0"
"214,""89, 212, 213"",Marlon Wayans,0"
"215,""216, 217, 218"",Peter O'Toole,0"
"216,""215, 217, 218, 153, 341, 482, 483, 484"",Alec Guinness,1"
"217,""215, 216, 218, 383, 384, 385"",Anthony Quinn,0"
"218,""215, 216, 217, 153, 341, 471, 472, 473"",Jack Hawkins,0"
"219,""220, 221, 96"",Carl Miller,0"
"220,""219, 221, 96"",Edna Purviance,0"
"221,""219, 220, 96"",Jackie Coogan,0"
"222,""223, 224, 225"",Malcolm McDowell,0"
"223,""222, 224, 225, 549, 550, 551"",Patrick Magee,0"
"224,""222, 223, 225"",Michael Bates,0"
"225,""222, 223, 224"",Warren Clarke,0"
"226,""227, 228, 229, 21, 511, 114"",F. Murray Abraham,1"
"227,""226, 228, 229"",Tom Hulce,0"
"228,""226, 227, 229"",Elizabeth Berridge,0"
"229,""226, 227, 228"",Roy Dotrice,0"
"230,""231, 232, 233, 584, 585, 586"",Gregory Peck,1"
"231,""230, 232, 233"",John Megna,0"
"232,""230, 231, 233"",Frank Overton,0"
"233,""230, 231, 232"",Rosemary Murphy,0"
"234,""235, 236, 237, 534, 535, 536"",Jim Carrey,0"
"235,""234, 236, 237"",Kate Winslet,0"
"236,""234, 235, 237"",Gerry Robert Byrne,0"
"237,""234, 235, 236"",Elijah Wood,0"
"238,""239, 240, 241"",Gene Kelly,0"
"239,""238, 240, 241"",Donald O'Connor,0"
"240,""238, 239, 241"",Debbie Reynolds,0"
"241,""238, 239, 240"",Jean Hagen,0"
"242,""243, 244, 245"",Diahnne Abbott,0"
"243,""242, 244, 245"",Frank Adu,0"
"244,""242, 243, 245"",Victor Argo,0"
"245,""242, 243, 244"",Gino Ardito,0"
"246,""247, 248, 249, 396, 397, 398, 488, 489, 575, 576, 577, 675, 676, 162"",Paul Newman,1"
"247,""246, 248, 249, 488, 489"",Robert Redford,0"
"248,""246, 247, 249, 632, 633, 634"",Robert Shaw,0"
"249,""246, 247, 248"",Charles Durning,0"
"250,""37, 251, 252, 265, 266"",Tim Allen,0"
"251,""37, 250, 252"",Joan Cusack,0"
"252,""37, 250, 251"",Ned Beatty,0"
"253,""254, 255, 256"",Keir Dullea,0"
"254,""253, 255, 256"",Gary Lockwood,0"
"255,""253, 254, 256"",William Sylvester,0"
"256,""253, 254, 255"",Daniel Richter,0"
"257,""258, 259, 260"",Matthew Modine,0"
"258,""257, 259, 260"",Adam Baldwin,0"
"259,""257, 258, 260"",Vincent D'Onofrio,0"
"260,""257, 258, 259"",R. Lee Ermey,0"
"261,""262, 263, 264"",Ansel Elgort,0"
"262,""261, 263, 264"",Jon Bernthal,0"
"263,""261, 262, 264"",Jon Hamm,0"
"264,""261, 262, 263"",Eiza González,0"
"265,""37, 250, 266"",Don Rickles,0"
"266,""37, 250, 265"",Jim Varney,0"
"267,""32, 170, 268"",Mélanie Laurent,0"
"268,""32, 267, 170"",Eli Roth,0"
"269,""76, 270, 32"",Dennis Farina,0"
"270,""76, 269, 32"",Vinnie Jones,0"
"271,""272, 208, 273, 295, 296, 297"",Jack Lemmon,1"
"272,""271, 208, 273"",Shirley MacLaine,0"
"273,""271, 272, 208"",Ray Walston,0"
"274,""275, 276, 277, 519, 520, 521"",Bette Davis,0"
"275,""274, 276, 277"",Anne Baxter,0"
"276,""274, 275, 277, 386, 387, 388"",George Sanders,0"
"277,""274, 275, 276"",Celeste Holm,0"
"278,""279, 280, 281"",Graham Chapman,0"
"279,""278, 280, 281"",John Cleese,0"
"280,""278, 279, 281"",Eric Idle,0"
"281,""278, 279, 280"",Terry Gilliam,0"
"282,""5, 283, 284"",Steven Bauer,0"
"283,""5, 282, 284"",Michelle Pfeiffer,0"
"284,""5, 282, 283"",Mary Elizabeth Mastrantonio,0"
"285,""64, 135, 147"",James Cromwell,0"
"286,""121, 287, 288, 447, 448, 449"",Ben Affleck,0"
"287,""121, 286, 288"",Stellan Skarsgård,0"
"288,""121, 286, 287"",John Mighton,0"
"289,""100, 290, 291"",Walter Huston,0"
"290,""100, 289, 291"",Tim Holt,0"
"291,""100, 289, 290"",Bruce Bennett,0"
"292,""42, 293, 294"",Sean Connery,0"
"293,""42, 292, 294"",Denholm Elliott,0"
"294,""42, 292, 293"",Alison Doody,0"
"295,""296, 271, 297"",Marilyn Monroe,0"
"296,""295, 271, 297"",Tony Curtis,0"
"297,""295, 296, 271"",George Raft,0"
"298,""11, 14, 19"",Katie Holmes,0"
"299,""300, 301, 302"",Edward Asner,0"
"300,""299, 301, 302, 135, 361, 213"",Christopher Plummer,0"
"301,""299, 300, 302"",Jordan Nagai,0"
"302,""299, 300, 301"",Bob Peterson,0"
"303,""190, 304, 305"",Alida Valli,0"
"304,""190, 303, 305, 471, 110, 526"",Orson Welles,0"
"305,""190, 303, 304, 496, 497, 498"",Trevor Howard,0"
"306,""307, 1, 308, 399, 400, 401, 522, 431"",Clint Eastwood,0"
"307,""306, 1, 308"",Gene Hackman,1"
"308,""306, 307, 1"",Richard Harris,0"
"309,""310, 311, 176"",Spencer Tracy,1"
"310,""309, 311, 176"",Burt Lancaster,1"
"311,""309, 310, 176"",Richard Widmark,0"
"312,""10, 56, 313"",Cathy Moriarty,0"
"313,""10, 312, 56"",Frank Vincent,0"
"314,""315, 316, 317, 665, 666, 667"",Steve McQueen,0"
"315,""314, 316, 317"",James Garner,0"
"316,""314, 315, 317, 523, 524, 525"",Richard Attenborough,0"
"317,""314, 315, 316"",James Donald,0"
"318,""5, 10, 319"",Val Kilmer,0"
"319,""5, 10, 318"",Jon Voight,1"
"320,""321, 322, 323, 417, 418, 419, 622, 623, 624"",Bruce Willis,0"
"321,""320, 322, 323"",Bonnie Bedelia,0"
"322,""320, 321, 323"",Reginald VelJohnson,0"
"323,""320, 321, 322"",Paul Gleason,0"
"324,""96, 325, 98"",Mack Swain,0"
"325,""96, 324, 98"",Tom Murray,0"
"326,""122, 327, 328, 153, 450, 8"",Faye Dunaway,0"
"327,""122, 326, 328"",John Huston,0"
"328,""122, 326, 327"",Perry Lopez,0"
"329,""4, 17, 330, 381, 668, 162, 754, 755"",Karl Malden,0"
"330,""4, 329, 17"",Rod Steiger,1"
"331,""66, 103, 332"",Jean Arthur,0"
"332,""331, 66, 103"",Edward Arnold,0"
"333,""334, 335, 336"",Buster Keaton,0"
"334,""333, 335, 336"",Marion Mack,0"
"335,""333, 334, 336"",Glen Cavender,0"
"336,""333, 334, 335"",Jim Farley,0"
"337,""338, 339, 340"",Amy Poehler,0"
"338,""337, 339, 340"",Phyllis Smith,0"
"339,""337, 338, 340"",Richard Kind,0"
"340,""337, 338, 339"",Bill Hader,0"
"341,""153, 216, 218"",Sessue Hayakawa,0"
"342,""343, 344, 345, 759, 760, 761"",Brie Larson,0"
"343,""342, 344, 345"",Jacob Tremblay,0"
"344,""342, 343, 345"",Sean Bridgers,0"
"345,""342, 343, 344"",Wendy Crewson,0"
"346,""347, 348, 349"",Ryan Gosling,0"
"347,""346, 348, 349, 560, 601, 602"",Emma Stone,0"
"348,""346, 347, 349"",Amiée Conn,0"
"349,""346, 347, 348"",Terry Walters,0"
"350,""143, 351, 352"",Patrick Stewart,0"
"351,""143, 350, 352"",Dafne Keen,0"
"352,""143, 350, 351"",Boyd Holbrook,0"
"353,""42, 354, 355"",Rutger Hauer,0"
"354,""42, 353, 355"",Sean Young,0"
"355,""42, 353, 354"",Edward James Olmos,0"
"356,""357, 358, 359"",Jason Flemyng,0"
"357,""356, 358, 359"",Dexter Fletcher,0"
"358,""356, 357, 359"",Nick Moran,0"
"359,""356, 357, 358"",Jason Statham,0"
"360,""10, 56, 186"",Sharon Stone,0"
"361,""135, 213, 300"",Ed Harris,0"
"362,""363, 364, 365"",Anthony Hopkins,1"
"363,""362, 364, 365"",John Hurt,0"
"364,""362, 363, 365, 665, 488, 716"",Anne Bancroft,0"
"365,""362, 363, 364, 20, 547, 548"",John Gielgud,0"
"366,""48, 367, 368"",Joel Edgerton,0"
"367,""366, 48, 368"",Nick Nolte,0"
"368,""366, 48, 367"",Jennifer Morrison,0"
"369,""80, 61, 370"",Stephen Rea,0"
"370,""80, 61, 369"",Stephen Fry,0"
"371,""45, 372, 90"",Jonah Hill,0"
"372,""45, 371, 90"",Margot Robbie,0"
"373,""118, 374, 375, 756, 757, 758"",Ray Milland,1"
"374,""373, 118, 375"",Robert Cummings,0"
"375,""373, 118, 374"",John Williams,0"
"376,""377, 378, 379"",Andrew Garfield,0"
"377,""376, 378, 379"",Richard Pyros,0"
"378,""376, 377, 379"",Jacob Warner,0"
"379,""376, 377, 378"",Milo Gibson,0"
"380,""69, 381, 382"",Barbara O'Neil,0"
"381,""69, 380, 382, 4, 668, 329"",Vivien Leigh,0"
"382,""69, 380, 381"",Evelyn Keyes,0"
"383,""217, 384, 385"",Irene Papas,0"
"384,""217, 383, 385"",Michael Ansara,0"
"385,""217, 383, 384"",Johnny Sekka,0"
"386,""387, 276, 388, 14, 582, 583"",Laurence Olivier,1"
"387,""386, 276, 388"",Joan Fontaine,0"
"388,""386, 387, 276"",Judith Anderson,0"
"389,""390, 391, 392, 751, 752, 753"",Ewan McGregor,0"
"390,""389, 391, 392"",Ewen Bremner,0"
"391,""389, 390, 392"",Jonny Lee Miller,0"
"392,""389, 390, 391"",Kevin McKidd,0"
"393,""10, 394, 395, 629, 630, 631"",John Cazale,0"
"394,""10, 393, 395"",John Savage,0"
"395,""10, 393, 394, 45, 37, 145"",Christopher Walken,0"
"396,""246, 397, 398"",George Kennedy,0"
"397,""246, 396, 398"",J.D. Cannon,0"
"398,""246, 396, 397"",Lou Antonio,0"
"399,""306, 400, 401"",Christopher Carley,0"
"400,""306, 399, 401"",Bee Vang,0"
"401,""306, 399, 400"",Ahney Her,0"
"402,""403, 404, 405, 544, 545, 546"",Jeff Bridges,1"
"403,""402, 404, 405, 570, 571"",John Goodman,0"
"404,""402, 403, 405"",Julianne Moore,0"
"405,""402, 403, 404, 414, 415, 416, 570, 571"",Steve Buscemi,0"
"406,""407, 408, 409"",Kurt Russell,0"
"407,""406, 408, 409"",Wilford Brimley,0"
"408,""406, 407, 409"",T.K. Carter,0"
"409,""406, 407, 408"",David Clennon,0"
"410,""411, 412, 413"",Clark Gable,1"
"411,""410, 412, 413"",Claudette Colbert,0"
"412,""410, 411, 413"",Walter Connolly,0"
"413,""410, 411, 412"",Roscoe Karns,0"
"414,""405, 415, 416"",William H. Macy,0"
"415,""414, 405, 416"",Peter Stormare,0"
"416,""414, 405, 415"",Kristin Rudrüd,0"
"417,""320, 418, 419"",Haley Joel Osment,0"
"418,""320, 417, 419, 424, 425, 426"",Toni Collette,0"
"419,""320, 417, 418"",Olivia Williams,0"
"420,""421, 422, 423"",Albert Brooks,0"
"421,""420, 422, 423"",Ellen DeGeneres,0"
"422,""420, 421, 423"",Alexander Gould,0"
"423,""420, 421, 422, 464, 465, 466"",Willem Dafoe,0"
"424,""418, 425, 426"",Philip Seymour Hoffman,1"
"425,""418, 424, 426"",Barry Humphries,0"
"426,""418, 424, 425"",Eric Bana,0"
"427,""428, 429, 430"",Tommy Lee Jones,0"
"428,""427, 429, 430"",Javier Bardem,0"
"429,""427, 428, 430"",Josh Brolin,0"
"430,""427, 428, 429"",Woody Harrelson,0"
"431,""432, 433, 434, 306, 522, 1"",Jay Baruchel,0"
"432,""431, 433, 434"",Gerard Butler,0"
"433,""431, 432, 434"",Craig Ferguson,0"
"434,""431, 432, 433"",America Ferrera,0"
"435,""436, 437, 438, 453, 454, 455"",Daniel Day-Lewis,1"
"436,""435, 437, 438"",Martin Stringer,0"
"437,""435, 436, 438"",Matthew Braden Stringer,0"
"438,""435, 436, 437"",Jacob Stringer,0"
"439,""440, 441, 442"",Emile Hirsch,0"
"440,""439, 441, 442"",Marcia Gay Harden,0"
"441,""439, 440, 442"",William Hurt,1"
"442,""439, 440, 441"",Jena Malone,0"
"443,""444, 445, 446"",Uma Thurman,0"
"444,""443, 445, 446"",Lucy Liu,0"
"445,""443, 444, 446"",Vivica A. Fox,0"
"446,""443, 444, 445"",Daryl Hannah,0"
"447,""286, 448, 449"",Rosamund Pike,0"
"448,""286, 447, 449"",Neil Patrick Harris,0"
"449,""286, 447, 448"",Tyler Perry,0"
"450,""326, 153, 8"",Peter Finch,1"
"451,""45, 20, 452, 493, 494, 495, 528, 684, 456"",Mark Ruffalo,0"
"452,""45, 451, 20, 89, 17, 693"",Max von Sydow,0"
"453,""435, 454, 455"",Alison Crosbie,0"
"454,""453, 435, 455"",Philip King,0"
"455,""453, 435, 454"",Emma Thompson,0"
"456,""457, 458, 459, 528, 684, 451"",Chris Hemsworth,0"
"457,""456, 458, 459"",Daniel Brühl,0"
"458,""456, 457, 459"",Olivia Wilde,0"
"459,""456, 457, 458"",Alexandra Maria Lara,0"
"460,""461, 462, 463"",Don Cheadle,0"
"461,""460, 462, 463"",Xolani Mali,0"
"462,""460, 461, 463"",Desmond Dube,0"
"463,""460, 461, 462"",Hakeem Kae-Kazim,0"
"464,""465, 423, 466"",Tom Berenger,0"
"465,""464, 423, 466"",Keith David,0"
"466,""464, 465, 423"",Forest Whitaker,0"
"467,""468, 469, 470"",David Rawle,0"
"468,""467, 469, 470"",Brendan Gleeson,0"
"469,""467, 468, 470"",Lisa Hannigan,0"
"470,""467, 468, 469"",Fionnula Flanagan,0"
"471,""218, 472, 473, 110, 304, 526"",Charlton Heston,1"
"472,""471, 218, 473"",Haya Harareet,0"
"473,""471, 218, 472"",Stephen Boyd,0"
"474,""475, 476, 477"",Wil Wheaton,0"
"475,""474, 476, 477"",River Phoenix,0"
"476,""474, 475, 477"",Corey Feldman,0"
"477,""474, 475, 476"",Jerry O'Connell,0"
"478,""479, 480, 481"",Richard Gere,0"
"479,""478, 480, 481"",Joan Allen,0"
"480,""478, 479, 481"",Cary-Hiroyuki Tagawa,0"
"481,""478, 479, 480"",Sarah Roemer,0"
"482,""483, 484, 216"",Dennis Price,0"
"483,""482, 484, 216"",Valerie Hobson,0"
"484,""482, 483, 216"",Joan Greenwood,0"
"485,""100, 486, 487"",Mary Astor,0"
"486,""100, 485, 487"",Gladys George,0"
"487,""100, 485, 486"",Peter Lorre,0"
"488,""246, 247, 489, 364, 665, 716"",Katharine Ross,0"
"489,""246, 247, 488"",Strother Martin,0"
"490,""27, 491, 492"",Pruitt Taylor Vince,0"
"491,""27, 490, 492"",Bill Nunn,0"
"492,""27, 490, 491"",Clarence Williams III,0"
"493,""451, 494, 495, 527, 528, 529"",Michael Keaton,0"
"494,""451, 493, 495"",Rachel McAdams,0"
"495,""451, 493, 494"",Liev Schreiber,0"
"496,""305, 497, 498"",Celia Johnson,0"
"497,""496, 305, 498"",Stanley Holloway,0"
"498,""496, 305, 497"",Joyce Carey,0"
"499,""500, 501, 502"",Myrna Loy,0"
"500,""499, 501, 502"",Fredric March,1"
"501,""499, 500, 502, 567, 568, 569"",Dana Andrews,0"
"502,""499, 500, 501"",Teresa Wright,0"
"503,""504, 505, 506"",Henry Fonda,1"
"504,""503, 505, 506"",Jane Darwell,0"
"505,""503, 504, 506"",John Carradine,0"
"506,""503, 504, 505"",Charley Grapewin,0"
"507,""508, 509, 510"",Chiwetel Ejiofor,0"
"508,""507, 509, 510"",Dwight Henry,0"
"509,""507, 508, 510"",Dickie Gravois,0"
"510,""507, 508, 509"",Bryan Batt,0"
"511,""21, 226, 114"",Mathieu Amalric,0"
"512,""48, 513, 514"",Charlize Theron,0"
"513,""48, 512, 514"",Nicholas Hoult,0"
"514,""48, 512, 513"",Hugh Keays-Byrne,0"
"515,""516, 517, 518"",Cary Elwes,0"
"516,""515, 517, 518"",Mandy Patinkin,0"
"517,""515, 516, 518, 736, 737, 738"",Chris Sarandon,0"
"518,""515, 516, 517"",Christopher Guest,0"
"519,""274, 520, 521"",Joan Crawford,0"
"520,""274, 519, 521"",Victor Buono,0"
"521,""274, 519, 520"",Wesley Addy,0"
"522,""306, 1, 431"",Hilary Swank,0"
"523,""524, 525, 316"",Sam Neill,0"
"524,""523, 525, 316"",Laura Dern,0"
"525,""523, 524, 316"",Jeff Goldblum,0"
"526,""471, 110, 304"",Joseph Calleia,0"
"527,""493, 528, 529"",Tom Holland,0"
"528,""527, 493, 529, 684, 451, 456"",Robert Downey Jr.,0"
"529,""527, 493, 528"",Marisa Tomei,0"
"530,""531, 532, 533, 643, 644, 659, 660, 661"",Ethan Hawke,0"
"531,""530, 532, 533, 643, 644"",Julie Delpy,0"
"532,""530, 531, 533"",Andrea Eckert,0"
"533,""530, 531, 532"",Hanno Pöschl,0"
"534,""234, 535, 536"",Laura Linney,0"
"535,""234, 534, 536"",Noah Emmerich,0"
"536,""234, 534, 535"",Natascha McElhone,0"
"537,""21, 538, 539"",Michael Gambon,0"
"538,""21, 537, 539"",Alan Rickman,0"
"539,""21, 537, 538"",Daniel Radcliffe,0"
"540,""42, 41, 43"",Adam Driver,0"
"541,""160, 542, 543"",Sam Berry,0"
"542,""160, 541, 543"",Bernhard Wicki,0"
"543,""160, 541, 542"",Dean Stockwell,0"
"544,""402, 545, 546"",Timothy Bottoms,0"
"545,""544, 402, 546"",Cybill Shepherd,0"
"546,""544, 402, 545"",Ben Johnson,0"
"547,""20, 548, 365"",Candice Bergen,0"
"548,""20, 547, 365"",Edward Fox,0"
"549,""550, 223, 551"",Ryan O'Neal,0"
"550,""549, 223, 551"",Marisa Berenson,0"
"551,""549, 550, 223"",Hardy Krüger,0"
"552,""553, 554, 555"",Sylvester Stallone,0"
"553,""552, 554, 555"",Talia Shire,0"
"554,""552, 553, 555"",Burt Young,0"
"555,""552, 553, 554"",Carl Weathers,0"
"556,""9, 557, 558"",Woody Allen,0"
"557,""556, 9, 558"",Tony Roberts,0"
"558,""556, 9, 557"",Carol Kane,0"
"559,""143, 560, 561, 562, 563, 564"",Jake Gyllenhaal,0"
"560,""143, 559, 561, 347, 601, 602"",Viola Davis,0"
"561,""143, 559, 560"",Maria Bello,0"
"562,""559, 563, 564"",Holmes Osborne,0"
"563,""559, 562, 564"",Maggie Gyllenhaal,0"
"564,""559, 562, 563"",Daveigh Chase,0"
"565,""66, 108, 566, 694, 695, 696"",John Wayne,1"
"566,""565, 66, 108"",Lee Marvin,1"
"567,""501, 568, 569"",Gene Tierney,0"
"568,""567, 501, 569"",Clifton Webb,0"
"569,""567, 501, 568"",Vincent Price,0"
"570,""403, 571, 405"",Billy Crystal,0"
"571,""403, 570, 405"",Mary Gibbs,0"
"572,""121, 573, 574"",Julia Stiles,0"
"573,""121, 572, 574"",David Strathairn,0"
"574,""121, 572, 573"",Scott Glenn,0"
"575,""246, 576, 577, 593, 594, 595"",Elizabeth Taylor,0"
"576,""575, 246, 577"",Burl Ives,0"
"577,""575, 246, 576, 194, 669, 670"",Jack Carson,0"
"578,""579, 580, 581"",Judy Garland,0"
"579,""578, 580, 581"",Frank Morgan,0"
"580,""578, 579, 581"",Ray Bolger,0"
"581,""578, 579, 580"",Bert Lahr,0"
"582,""386, 14, 583"",Alec Cawthorne,0"
"583,""386, 14, 582"",John Matthews,0"
"584,""230, 585, 586"",Audrey Hepburn,0"
"585,""230, 584, 586"",Eddie Albert,0"
"586,""230, 584, 585"",Hartley Power,0"
"587,""588, 165, 589, 607, 608, 609"",Robert Mitchum,0"
"588,""587, 165, 589"",Jane Greer,0"
"589,""587, 588, 165"",Rhonda Fleming,0"
"590,""66, 591, 592"",Lee Remick,0"
"591,""66, 590, 592"",Ben Gazzara,0"
"592,""66, 590, 591"",Arthur O'Connell,0"
"593,""575, 594, 595"",Richard Burton,0"
"594,""575, 593, 595"",George Segal,0"
"595,""575, 593, 594"",Sandy Dennis,0"
"596,""128, 189, 129"",Paul Winfield,0"
"597,""598, 599, 600"",Bill Murray,0"
"598,""597, 599, 600"",Andie MacDowell,0"
"599,""597, 598, 600"",Chris Elliott,0"
"600,""597, 598, 599"",Stephen Tobolowsky,0"
"601,""347, 560, 602"",Bryce Dallas Howard,0"
"602,""347, 560, 601"",Octavia Spencer,0"
"603,""604, 605, 606, 699, 700, 701"",Farley Granger,0"
"604,""603, 605, 606"",Ruth Roman,0"
"605,""603, 604, 606"",Robert Walker,0"
"606,""603, 604, 605"",Leo G. Carroll,0"
"607,""587, 608, 609"",Shelley Winters,0"
"608,""587, 607, 609"",Lillian Gish,0"
"609,""587, 607, 608"",James Gleason,0"
"610,""611, 612, 613"",Louis Wolheim,0"
"611,""610, 612, 613"",Lew Ayres,0"
"612,""610, 611, 613"",John Wray,0"
"613,""610, 611, 612"",Arnold Lucy,0"
"614,""615, 616, 617"",Robby Benson,0"
"615,""614, 616, 617"",Jesse Corti,0"
"616,""614, 615, 617"",Rex Everhart,0"
"617,""614, 615, 616, 739, 740, 110"",Angela Lansbury,0"
"618,""619, 620, 621"",Sunny Pawar,0"
"619,""618, 620, 621"",Abhishek Bharate,0"
"620,""618, 619, 621"",Priyanka Bose,0"
"621,""618, 619, 620"",Khushi Solanki,0"
"622,""320, 623, 624"",Joseph Melito,0"
"623,""622, 320, 624"",Jon Seda,0"
"624,""622, 320, 623"",Michael Chance,0"
"625,""626, 627, 628"",Chris Pratt,0"
"626,""625, 627, 628"",Zoe Saldana,0"
"627,""625, 626, 628"",Dave Bautista,0"
"628,""625, 626, 627"",Vin Diesel,0"
"629,""630, 393, 631"",Penelope Allen,0"
"630,""629, 393, 631"",Sully Boyar,0"
"631,""629, 630, 393"",Beulah Garrick,0"
"632,""248, 633, 634"",Roy Scheider,0"
"633,""632, 248, 634"",Richard Dreyfuss,1"
"634,""632, 248, 633"",Lorraine Gary,0"
"635,""636, 637, 638"",Ginnifer Goodwin,0"
"636,""635, 637, 638"",Jason Bateman,0"
"637,""635, 636, 638"",Idris Elba,0"
"638,""635, 636, 637"",Jenny Slate,0"
"639,""640, 641, 642"",Johnny Depp,0"
"640,""639, 641, 642"",Geoffrey Rush,1"
"641,""639, 640, 642"",Orlando Bloom,0"
"642,""639, 640, 641, 645, 646, 647"",Keira Knightley,0"
"643,""530, 531, 644"",Vernon Dobtcheff,0"
"644,""530, 531, 643"",Louise Lemoine Torrès,0"
"645,""642, 646, 647"",Benedict Cumberbatch,0"
"646,""645, 642, 647"",Matthew Goode,0"
"647,""645, 642, 646"",Rory Kinnear,0"
"648,""649, 650, 651"",Gene Wilder,0"
"649,""648, 650, 651"",Peter Boyle,0"
"650,""648, 649, 651"",Marty Feldman,0"
"651,""648, 649, 650"",Madeline Kahn,0"
"652,""153, 653, 654"",Don Taylor,0"
"653,""153, 652, 654"",Otto Preminger,0"
"654,""153, 652, 653"",Robert Strauss,0"
"655,""656, 657, 658"",Nicole Kidman,0"
"656,""655, 657, 658"",Harriet Andersson,0"
"657,""655, 656, 658, 100, 702, 703"",Lauren Bacall,0"
"658,""655, 656, 657"",Jean-Marc Barr,0"
"659,""660, 530, 661, 748, 749, 750"",Robin Williams,0"
"660,""659, 530, 661"",Robert Sean Leonard,0"
"661,""659, 660, 530"",Josh Charles,0"
"662,""69, 663, 664"",Gary Cooper,1"
"663,""662, 69, 664"",Lloyd Bridges,0"
"664,""662, 69, 663"",Katy Jurado,0"
"665,""314, 666, 667, 364, 488, 716, 731, 732, 733"",Dustin Hoffman,1"
"666,""314, 665, 667"",Victor Jory,0"
"667,""314, 665, 666"",Don Gordon,0"
"668,""381, 4, 329"",Kim Hunter,0"
"669,""194, 670, 577"",Priscilla Lane,0"
"670,""194, 669, 577"",Raymond Massey,0"
"671,""672, 673, 674"",Jessica Alba,0"
"672,""671, 673, 674"",Devon Aoki,0"
"673,""671, 672, 674"",Alexis Bledel,0"
"674,""671, 672, 673"",Powers Boothe,0"
"675,""246, 676, 162"",Jackie Gleason,0"
"676,""246, 675, 162"",Piper Laurie,0"
"677,""678, 679, 680"",Groucho Marx,0"
"678,""677, 679, 680"",Chico Marx,0"
"679,""677, 678, 680"",Harpo Marx,0"
"680,""677, 678, 679"",Kitty Carlisle,0"
"681,""163, 682, 683"",Coleen Gray,0"
"682,""163, 681, 683"",Vince Edwards,0"
"683,""163, 681, 682"",Jay C. Flippen,0"
"684,""528, 451, 456"",Chris Evans,0"
"685,""194, 101, 103"",Louis Calhern,0"
"686,""687, 688, 689"",Wallace Ford,0"
"687,""686, 688, 689"",William H. Lynn,0"
"688,""686, 687, 689"",Victoria Horne,0"
"689,""686, 687, 688"",Jesse White,0"
"690,""121, 691, 692"",Jessica Chastain,0"
"691,""121, 690, 692"",Kristen Wiig,0"
"692,""121, 690, 691"",Jeff Daniels,0"
"693,""89, 452, 17"",Kitty Winn,0"
"694,""565, 695, 696"",Dean Martin,0"
"695,""565, 694, 696"",Ricky Nelson,0"
"696,""565, 694, 695"",Angie Dickinson,0"
"697,""194, 66, 698"",Katharine Hepburn,0"
"698,""194, 697, 66"",Ruth Hussey,0"
"699,""603, 700, 701"",John Dall,0"
"700,""699, 603, 701"",Edith Evanson,0"
"701,""699, 603, 700"",Douglas Dick,0"
"702,""100, 657, 703"",John Ridgely,0"
"703,""100, 657, 702"",Martha Vickers,0"
"704,""705, 706, 707"",Bob Geldof,0"
"705,""704, 706, 707"",Christine Hargreaves,0"
"706,""704, 705, 707"",James Laurenson,0"
"707,""704, 705, 706"",Eleanor David,0"
"708,""709, 710, 711"",Colin Firth,1"
"709,""708, 710, 711"",Helena Bonham Carter,0"
"710,""708, 709, 711"",Derek Jacobi,0"
"711,""708, 709, 710"",Robert Portal,0"
"712,""713, 714, 715"",Melinda Dillon,0"
"713,""712, 714, 715"",Darren McGavin,0"
"714,""712, 713, 715"",Peter Billingsley,0"
"715,""712, 713, 714"",Scott Schwartz,0"
"716,""364, 665, 488"",William Daniels,0"
"717,""718, 719, 720"",Sally Kirkland,0"
"718,""717, 719, 720"",Anthony Ramirez,0"
"719,""717, 718, 720"",Ray LePere,0"
"720,""717, 718, 719"",Steve Reed,0"
"721,""722, 723, 724"",Billy Bob Thornton,0"
"722,""721, 723, 724"",Dwight Yoakam,0"
"723,""721, 722, 724"",J.T. Walsh,0"
"724,""721, 722, 723"",John Ritter,0"
"725,""45, 213, 726"",Djimon Hounsou,0"
"726,""45, 725, 213"",Kagiso Kuypers,0"
"727,""728, 729, 730"",Pat Healy,0"
"728,""727, 729, 730"",Genevieve Zweig,0"
"729,""727, 728, 730"",Mark Flanagan,0"
"730,""727, 728, 729"",Neil Flynn,0"
"731,""665, 732, 733"",Tom Cruise,0"
"732,""665, 731, 733"",Valeria Golino,0"
"733,""665, 731, 732"",Gerald R. Molen,0"
"734,""45, 48, 735"",Domhnall Gleeson,0"
"735,""45, 48, 734"",Will Poulter,0"
"736,""517, 737, 738"",Danny Elfman,0"
"737,""736, 517, 738"",Catherine O'Hara,0"
"738,""736, 517, 737"",William Hickey,0"
"739,""740, 110, 617"",Frank Sinatra,0"
"740,""739, 110, 617"",Laurence Harvey,0"
"741,""742, 743, 744"",Ryan Reynolds,0"
"742,""741, 743, 744"",Karan Soni,0"
"743,""741, 742, 744"",Ed Skrein,0"
"744,""741, 742, 743"",Michael Benyaer,0"
"745,""153, 746, 747"",Ernest Borgnine,1"
"746,""153, 745, 747"",Robert Ryan,0"
"747,""153, 745, 746"",Edmond O'Brien,0"
"748,""659, 749, 750"",Scott Weinger,0"
"749,""748, 659, 750"",Linda Larkin,0"
"750,""748, 659, 749"",Jonathan Freeman,0"
"751,""389, 752, 753"",Albert Finney,0"
"752,""389, 751, 753"",Billy Crudup,0"
"753,""389, 751, 752"",Jessica Lange,0"
"754,""162, 329, 755"",Stephen Young,0"
"755,""162, 329, 754"",Michael Strong,0"
"756,""373, 757, 758"",Jane Wyman,0"
"757,""373, 756, 758"",Phillip Terry,0"
"758,""373, 756, 757"",Howard Da Silva,0"
"759,""342, 760, 761"",John Gallagher Jr.,0"
"760,""342, 759, 761"",Stephanie Beatriz,0"
"761,""342, 759, 760"",Rami Malek,0"
"762,""194, 763, 764"",Rosalind Russell,0"
"763,""194, 762, 764"",Ralph Bellamy,0"
"764,""194, 762, 763"",Gene Lockhart,0"
"765,""766, 767, 768"",Sissy Spacek,0"
"766,""765, 767, 768"",Jane Galloway Heitz,0"
"767,""765, 766, 768"",Joseph A. Carpenter,0"
"768,""765, 766, 767"",Donald Wiegert,0"
"769,""770, 771, 772"",Dev Patel,0"
"770,""769, 771, 772"",Saurabh Shukla,0"
"771,""769, 770, 772"",Anil Kapoor,0"
"772,""769, 770, 771"",Raj Zutshi,0"
